Article ID,Comments,Label(s),Link to Article,Type
20787,System shd send the alert to respective logistic team lead instead of let sellers fill up the form as  often fill up few times also no action fr team!,"['Constructive Criticism', 'Design Feedback']",https://seller.shopee.sg/edu/article/20787?utm_medium=notification&utm_source=appar&__dsrn__=1,article
20218,"does not show how the FHR gets tabulated into a % figure. am sending out all orders placed before 2pm within the same day, Mon-sat. But FHR below 90%.","['Constructive Criticism', 'Design Feedback']",https://seller.shopee.sg/edu/article/20218/Fast-Handover-Rate,article
14005,better to have a function that allows seller to MASS DELETE or MASS DELIST ,"['Constructive Criticism', 'Design Feedback']",https://seller.shopee.sg/edu/article/14005/how-to-delete-a-listing-,article
6848,Separate buyer and seller chat. I am penalised because of seller auto sending me messages which I dont reply because I am a seller as well.,"['Constructive Criticism', 'Design Feedback']",https://seller.shopee.sg/edu/article/6848/use-shopee-seller-chat,article
19522,There is no appeal button to click for a wrong suggested category,"['Constructive Criticism', 'Design Feedback']",https://seller.shopee.sg/edu/article/19522,article
6285,It did not mentioned that if products under promotion not able to turn on vacation mode,"['Constructive Criticism', 'Design Feedback']",https://seller.shopee.sg/edu/article/6285/vacation-mode-faqs,article
15549,Totally don't understand the part on Obtaining links for images (evidence) uploaded to your Google Drive! Kindly make it more user friendly!,"['Constructive Criticism', 'Design Feedback']",https://seller.shopee.sg/edu/article/15549,article
19756,If buyer choose self collection point and locker but didn't go collect the parcel? Who should bear the shipping cost? Buyer should be responsible too,"['Constructive Criticism', 'Design Feedback']",https://seller.shopee.sg/edu/article/19756/Announcement-article-for-2024-policy-changes,article
6823,What about the time of purchase or doesn't it count? If buyer paid on Monday 23:59 that counts as Monday? And shipped by Wednesday? ,"['Constructive Criticism', 'Design Feedback']",https://seller.shopee.sg/edu/article/6823?utm_medium=notification&utm_source=appar&__dsrn__=1,article
16950,No pop-up message shown when logged in. How to verify????,"['Constructive Criticism', 'Design Feedback']",https://seller.shopee.sg/edu/article/16950/Verifying-Seller-Identity-via-Seller-Centre-and-Shopee-App,article
18430,"Asking seller to include GTIN/EAN in my listing, but didn't show how to generate the its and where to get.Please do something to help the seller ","['Constructive Criticism', 'Design Feedback']",https://seller.shopee.sg/edu/article/18430,article
14903,The attributes in this sizing charts are too 1 dimension and insufficient to cover the proper information for consumers to under sizing.,"['Constructive Criticism', 'Design Feedback']",https://seller.shopee.sg/edu/article/14903,article
15649,"So if the seller is new and the item is super bulky, how am I going to bring to destinated location point if there is no pick up service? ","['Constructive Criticism', 'Design Feedback']",https://seller.shopee.sg/edu/article/15649/Pick-up-Service-Criteria-for-Standard-Delivery-Channel,article
825,Need to explain what are Search Ads and Discovery Ads and how will these ads appear in the seller listing. Show examples.,"['Constructive Criticism', 'Design Feedback']",https://seller.shopee.sg/edu/article/825/shopee-ads,article
15157,There is no ruler for Seller not fairly penalized for malpractice - supplied wrong/damaged products,"['Constructive Criticism', 'Design Feedback']",https://seller.shopee.sg/edu/article/15157?utm_medium=notification&utm_source=webar,article
12348,The auo-refund/return process needs to be changed,"['Constructive Criticism', 'Design Feedback']",https://seller.shopee.sg/edu/article/12348,article
12637,"3PLs are unable to meet the delivery time driver would arrive past the opening hours, and take a picture of a closed office -mark as no item 2 pickup","['Constructive Criticism', 'Design Feedback']",https://seller.shopee.sg/edu/article/12637,article
6841,for every listing there's a model for that product with various sizes. i have stock for some sizes but other sizes need pre-order . I unable set ,"['Constructive Criticism', 'Design Feedback']",https://seller.shopee.sg/edu/article/6841,article
12637,"Will there discount for self drop off? If not, why we want to self drop off to warehouse which is the location is far away. ","['Constructive Criticism', 'Design Feedback']",https://seller.shopee.sg/edu/article/12637,article
2561,"Please provide a detail clear explanation on which keyword the seller has used causing the keyword spam, else the seller has to keep on editng title. ","['Constructive Criticism', 'Design Feedback']",https://seller.shopee.sg/edu/article/2561,article
2561,"Product tittle should be enable to put all relevant wording, as different buyer will search using different wording. For instance T-shirt, Tee, .... ","['Constructive Criticism', 'Design Feedback']",https://seller.shopee.sg/edu/article/2561,article
257,Shopee should come out a seller calculator just key in selling price and we can get the take back amount.,"['Constructive Criticism', 'Design Feedback']",https://seller.shopee.sg/edu/article/257,article
10831,"1. Has a clearly printed Air Waybill (AWB)SPX Service Points will not accept any parcels with AWB. -> Is this a typo? Should be ""without AWB""?","['Constructive Criticism', 'Design Feedback']",https://seller.shopee.sg/edu/article/10831,article
257,The Transation formula doesnt not reflect the correct rates when i check with the invoice. It closer to 2.33%(2.16% + 8% )? than 2% + 8%,"['Constructive Criticism', 'Negative Complaint']",https://seller.shopee.sg/edu/article/257,article
23634,"The team should think along the purchase amount & not by product category for benefit to everyone, be it Shopee, Seller & customer. Thabk you ",['Constructive Criticism'],https://seller.shopee.sg/edu/article/23634?utm_medium=notification&utm_source=appar&__dsrn__=1,article
2548,Did not state need to wait how long before a promotion can be set after price increase.,['Constructive Criticism'],https://seller.shopee.sg/edu/article/2548/,article
9625,"It says that this only applies for selected sellers, what about others? Thanks.",['Constructive Criticism'],https://seller.shopee.sg/edu/article/9625/minimum-purchase-quantity,article
22213,This is way too complicated and so much work for the sellers... please simplify.,['Constructive Criticism'],https://seller.shopee.sg/edu/article/22213,article
9625,It does not contain information on what are the criteria that need to be met in order to be qualified for MPQ option.,['Constructive Criticism'],https://seller.shopee.sg/edu/article/9625/minimum-purchase-quantity,article
20159,"Shopee should automatically refund when shopee accept COM , not ask seller to do additional work to submit this and that, this is shopee responsibity",['Constructive Criticism'],https://seller.shopee.sg/edu/article/20159/Change-of-Mind-Seller-Shipping-Fee-Subsidy,article
11182,There is no explanation on how the CRR is calculated.,['Constructive Criticism'],https://seller.shopee.sg/edu/article/11182/chat-response-rate-faqs,article
7088,outdated instruction with new crm setting,['Constructive Criticism'],https://seller.shopee.sg/edu/article/7088/about-chat-broadcast,article
14291,Give actual contact numbers/persons that we can contact that can provide help within the day as this is a pick up issue.,['Constructive Criticism'],https://seller.shopee.sg/edu/article/14291/delivery-dispatch-fails-pickup,article
20218,If the logistic shippers are ready to pick up all parcels then it will be easily for us sellers to commit the fast hand over period.,['Constructive Criticism'],https://seller.shopee.sg/edu/article/20218/Fast-Handover-Rate,article
20016,"Shopee should stop the NDD program, base on always no one pick up after arrangement, this will cause seller in trouble, and seller will penalty by sys",['Constructive Criticism'],https://seller.shopee.sg/edu/article/20016,article
739,you can just add links application/shop requirement/hardware requirement all together,['Constructive Criticism'],https://seller.shopee.sg/edu/article/739,article
13107,need more detailed example,['Constructive Criticism'],https://seller.shopee.sg/edu/article/13107/seller-fees,article
9625,Could not find Minimum Purchase Quantity in excle,['Constructive Criticism'],https://seller.shopee.sg/edu/article/9625/minimum-purchase-quantity,article
17794,"I need to know how to edit campaign prices that are under review, but it wasn't stated. ",['Constructive Criticism'],https://seller.shopee.sg/edu/article/17794/price-teaser,article
9625,unable to view links upon clicking and did not state ways of being selected for eligibility of setting minimum order quantity,['Constructive Criticism'],https://seller.shopee.sg/edu/article/9625/minimum-purchase-quantity,article
15645,There is no reason stated on the listing why the product was banned. The product is not violating any of shopee's policies.,['Constructive Criticism'],https://seller.shopee.sg/edu/article/15645/resolve-ban-listing,article
50,Chat response stats need to be separate for seller and buyer. I recently started a shop and it seems my chat response stats as seller is now affected,['Constructive Criticism'],https://seller.shopee.sg/edu/article/50/understanding-chat-response,article
16477,No sample calculations on how shopee charges the seller,['Constructive Criticism'],https://seller.shopee.sg/edu/article/16477/shopee-selling-fees,article
6823,How about if no pick up from spx are courier being penalise ,['Constructive Criticism'],https://seller.shopee.sg/edu/article/6823,article
15775,what happen if the buyer buy wrong item and we as a seller don't mind to refund the buyer? why we get penalized? we should reject returns? ,['Constructive Criticism'],https://seller.shopee.sg/edu/article/15775/shopee-fulfilment-policy-faq,article
17155,The is no information on how much is the campaign deck we need to pay upfront as well as the package entitlement to join.,['Constructive Criticism'],https://seller.shopee.sg/edu/article/17155,article
9625,I still cannot set MOQ!! There is no option for setting MOQ under my sales information. ,['Constructive Criticism'],https://seller.shopee.sg/edu/article/9625/minimum-purchase-quantity,article
16368,There is no upload images button or icon in my product description. It can only be text,['Constructive Criticism'],https://seller.shopee.sg/edu/article/16368/image-product-description,article
6858,"No clear and correct detail given (a proper method) under ""Suggestion"" ",['Constructive Criticism'],https://seller.shopee.sg/edu/article/6858/shopee-listing-violation-policy,article
2583,Transation fee is not the same as commission fee?,['Constructive Criticism'],https://seller.shopee.sg/edu/article/2583,article
9625,"There is no ""Minimum Purchase Quantity"" field in the product details page and mass upload template.",['Constructive Criticism'],https://seller.shopee.sg/edu/article/9625/minimum-purchase-quantity,article
2548,the listing should not be deleted if the seller had submitted the document,['Constructive Criticism'],https://seller.shopee.sg/edu/article/2548?utm_medium=notification&utm_source=webar,article
16920,Can give Example how it workIf not can understand at all,['Constructive Criticism'],https://seller.shopee.sg/edu/article/16920/2023-gst-rate-changes?utm_medium=notification&utm_source=webar,article
3693,"I need this function. My user id is ""amee.sg"" without the quotes. Please give me the feature",['Constructive Criticism'],https://seller.shopee.sg/edu/article/3693,article
7770,Is this related to how I can list my product and get it listed in Digital Products section in Shopee App? ,['Constructive Criticism'],https://seller.shopee.sg/edu/article/7770,article
168,Please add more selections for seller cancel buyer order due to un contactable. ,['Constructive Criticism'],https://seller.shopee.sg/edu/article/168/calculate-non-fulfilment-rate-NFR,article
168,"If is small seller, ordered number low, even with 1 returned parcel, the percentage hit is easily high? Don’t shopee should create tier achievement? ",['Constructive Criticism'],https://seller.shopee.sg/edu/article/168/calculate-non-fulfilment-rate-NFR,article
15554,"Could show the process of applying for license of it? Including SFA account as Foreigner, Singpass, fee and IRAS etc.",['Constructive Criticism'],https://seller.shopee.sg/edu/article/15554,article
14796,i wanted to apply for own fleet use but the google form wrote that it is no longer accepting responses. How do i go about doing so?,['Constructive Criticism'],https://seller.shopee.sg/edu/article/14796,article
14912,At least replace their names with username. This is so troublesome when packing orders.,['Constructive Criticism'],https://seller.shopee.sg/edu/article/14912,article
15157,Does buyer hv to pay to return faulty/wrong order when its not buyer's fault? How about overseas seller? ,['Constructive Criticism'],https://seller.shopee.sg/edu/article/15157?utm_medium=notification&utm_source=apppn&__source__=push_notification,article
181,Should provide the link to report violations.,['Constructive Criticism'],https://seller.shopee.sg/edu/article/181/listing-violations-types,article
6569,how to amend if the name is wrongly key in.,['Constructive Criticism'],https://seller.shopee.sg/edu/article/6569/Adding-your-brand-to-Shopee-database,article
12349,Should let sellers to reject the buyer's return / refund in the first place.,['Constructive Criticism'],https://seller.shopee.sg/edu/article/12349,article
25,can add information about how to become a preferred seller?,['Constructive Criticism'],https://seller.shopee.sg/edu/article/25,article
2450,"From 1st May, are sellers charged both transaction fee and commission fee? Please write clearly.",['Constructive Criticism'],https://seller.shopee.sg/edu/article/2450?previousPage=other%20articles,article
12551,"If customer doesn't select free shipping voucher, does Seller participating in Free Shipping Programme still need to pay 2.14% fee? ",['Constructive Criticism'],https://seller.shopee.sg/edu/article/12551?utm_medium=notification&utm_source=appar,article
16368,"in my product description area, i cannot see any upload button to click for my picture selection for uploading, Why?","['Design Feedback', 'Constructive Criticism']",https://seller.shopee.sg/edu/article/16368/image-product-description,article
16368,Unable to add images within the product,"['Design Feedback', 'Constructive Criticism']",https://seller.shopee.sg/edu/article/16368/image-product-description,article
17318,Unable to add images within the product,"['Design Feedback', 'Constructive Criticism']",https://seller.shopee.sg/edu/article/17318/product-images-3-4-ratio,article
18839,Very difficult to find shippng location over 5kg,"['Design Feedback', 'Constructive Criticism']",https://seller.shopee.sg/edu/article/18839,article
11889,Unable to disable Shopee Xpress shipping channel,"['Design Feedback', 'Constructive Criticism']",https://seller.shopee.sg/edu/article/11889/set-shipping-channels,article
9625,I cannot find the minimum purchase quantity feature,"['Design Feedback', 'Constructive Criticism']",https://seller.shopee.sg/edu/article/9625/minimum-purchase-quantity,article
9625,This is done in 2021. The layout now does not have the minimum purchase quantity.,"['Design Feedback', 'Negative Complaint']",https://seller.shopee.sg/edu/article/9625/minimum-purchase-quantity,article
1438,The opening hours for J&T drop off are inaccurate. It wasted a lot of my time going to various drop off point and realised they are all closed. ,"['Design Feedback', 'Negative Complaint']",https://seller.shopee.sg/edu/article/1438,article
1643,Perishable food but seller own fleet delivery transport car are different each time so non of the supported delivery help and can be apply for.,"['Design Feedback', 'Negative Complaint']",https://seller.shopee.sg/edu/article/1643/use-other-shipping-channels,article
3272,not clear information ,"['Design Feedback', 'Negative Complaint']",https://seller.shopee.sg/edu/article/3272/shipping-fee-included-removal,article
9625,there is no column to update minimum qty under my product page,"['Design Feedback', 'Negative Complaint']",https://seller.shopee.sg/edu/article/9625,article
1104,Did not help answer why standard economy shipping changed from 0.00 to 0.60,"['Design Feedback', 'Negative Complaint']",https://seller.shopee.sg/edu/article/1104,article
2509,"How do we tell if it's pick up or drop off option, it's not stated under shipping channels","['Design Feedback', 'Negative Complaint']",https://seller.shopee.sg/edu/article/2509,article
15999,Any contact number to call or email?,"['Design Feedback', 'Unknown']",https://seller.shopee.sg/edu/article/15999/contact-shopee-customer-service,article
7775,Hi We don't have a local base in Singapore. Would you please provide the information about how to sell on Shopee? Our brand: vivantwine.com.tw,['Design Feedback'],https://seller.shopee.sg/edu/article/7775,article
12348,i need a link to raise dispute as I am cross border seller which received my returned parcel after many days,['Design Feedback'],https://seller.shopee.sg/edu/article/12348/return-refund-dispute-,article
2760,pls remove JNT from my shop! thank you ,['Design Feedback'],https://seller.shopee.sg/edu/article/2760/Fulfilment-policy-for-use-of-non-integrated-channels,article
14467,I need to find the link on PC since im a Malaysia seller and having Shopee SG on my phone is legally not possible,['Design Feedback'],https://seller.shopee.sg/edu/article/14467,article
71,The information did not tell us on how we can select our preferred 3PL partners.,['Design Feedback'],https://seller.shopee.sg/edu/article/71/about-shopee-supported-logistics?utm_medium=notification&utm_source=webar,article
6823,Saturday DTS should not be a working day,['Design Feedback'],https://seller.shopee.sg/edu/article/6823,article
20218,How can uparcel seller get fast hand over rate when order placed before 2pm must be scanned in 2359 on the same day as uparcel can't do that ,['Design Feedback'],https://seller.shopee.sg/edu/article/20218/Fast-Handover-Rate,article
7039,What about frozen products such as seafood and ice-cream?,['Design Feedback'],https://seller.shopee.sg/edu/article/7039,article
19522,Theres no appeal button where it supposed to be,['Design Feedback'],https://seller.shopee.sg/edu/article/19522,article
12279,The product video does not display play button despite following instruction,['Design Feedback'],https://seller.shopee.sg/edu/article/12279/product-videos,article
801,How to change SSL ?,['Design Feedback'],https://seller.shopee.sg/edu/article/801,article
6806,where is the link to start?,['Design Feedback'],https://seller.shopee.sg/edu/article/6806,article
11469,i cant find the option for full screen option in chat box corner,['Design Feedback'],https://seller.shopee.sg/edu/article/11469/navigate-shopee-seller-chat-pc,article
6850,Our sub account dont have message suggestion pop up after creating shortcuts ,['Design Feedback'],https://seller.shopee.sg/edu/article/6850/about-chat-assistant,article
16368,There's no add image option now,['Design Feedback'],https://seller.shopee.sg/edu/article/16368/image-product-description,article
16368,"there is no ""Add Images"" tab for my account",['Design Feedback'],https://seller.shopee.sg/edu/article/16368/image-product-description,article
2760,Signpost normal delivery ,['Design Feedback'],https://seller.shopee.sg/edu/article/2760/Fulfilment-policy-for-use-of-non-integrated-channels,article
16064,I would like to know where are the self-collection point.,['Design Feedback'],https://seller.shopee.sg/edu/article/16064/SPX-self-collection-channel,article
15999,"There isn't ""chat with live agent"" icon.",['Design Feedback'],https://seller.shopee.sg/edu/article/15999/contact-shopee-customer-service,article
16368,How to be selected seller to upload images?,['Design Feedback'],https://seller.shopee.sg/edu/article/16368/image-product-description,article
18430,GTIN/EANがない場合の対処方法が書いていない,['Design Feedback'],https://seller.shopee.sg/edu/article/18430,article
15361,So where is the link to request pick up?,['Design Feedback'],https://seller.shopee.sg/edu/article/15361/shipping-channels-pick-up,article
749,How to help buyer to locate their parcel,['Design Feedback'],https://seller.shopee.sg/edu/article/749,article
8318,how do I become a selected seller for max purchase limit?,['Design Feedback'],https://seller.shopee.sg/edu/article/8318,article
7029,Unable to upload previous version template (before 24/Apr/2023),['Design Feedback'],https://seller.shopee.sg/edu/article/7029/about-mass-update,article
16368,I don't see a add image tab in product description... why?,['Design Feedback'],https://seller.shopee.sg/edu/article/16368/image-product-description,article
14234,In shopee app adding variations isn't applicable ,['Design Feedback'],https://seller.shopee.sg/edu/article/14234/product-variations-,article
9625,Minimum order quantity is no longer visible (SAFARI MAC OS),['Design Feedback'],https://seller.shopee.sg/edu/article/9625/minimum-purchase-quantity,article
17662,the video link is not working,['Design Feedback'],https://seller.shopee.sg/edu/article/17662,article
16368,There isn't this option anymore on product description ,['Design Feedback'],https://seller.shopee.sg/edu/article/16368/image-product-description,article
14005,No solution to delete shop,['Design Feedback'],https://seller.shopee.sg/edu/article/14005/how-to-delete-a-listing-,article
3693,I do not have the option in my seller page,['Design Feedback'],https://seller.shopee.sg/edu/article/3693,article
9326,Service point and operating hours broken link,['Design Feedback'],https://seller.shopee.sg/edu/article/9326,article
10792,There is no DTS in my Product Details page,['Design Feedback'],https://seller.shopee.sg/edu/article/10792,article
71,Using spx requires lpn id and pin which was now showed where to obtain these infor,['Design Feedback'],https://seller.shopee.sg/edu/article/71/about-shopee-supported-logistics,article
801,Outdated info on j & T pick up for all sellers,['Design Feedback'],https://seller.shopee.sg/edu/article/801,article
1643,How come I do not have shopee express selection for delivery to send out ,['Design Feedback'],https://seller.shopee.sg/edu/article/1643,article
15623,It doesnot help seller to improve. Don’t you think the shipping cost of 1-5kg is ridiculously high?,"['Negative Complaint', 'Constructive Criticism']",https://seller.shopee.sg/edu/article/15623/Seller-Shipping-Fees-Adjustment,article
22213,Useless implementation. Its going to create more unnecessary issues for logistics. The person who pushed this implementation should reconsider his job,"['Negative Complaint', 'Design Feedback']",https://seller.shopee.sg/edu/article/22213,article
6836,"To support small entrepreneur, please give more greenlight and intensive. Shopee wanted to limit pre-order less than 5%, a lot of charges on sellee","['Negative Complaint', 'Design Feedback']",https://seller.shopee.sg/edu/article/6836,article
9326,I want to change my shipping chanel from j&t to spxBut there NOOption for me to do so,"['Negative Complaint', 'Design Feedback']",https://seller.shopee.sg/edu/article/9326,article
6806,I'm trying to find categories such as Food Supplement but there is no result in the page (https://seller.shopee.sg/edu/category-guide),"['Negative Complaint', 'Design Feedback']",https://seller.shopee.sg/edu/article/6806,article
19756,"Large parcel is ready, but logistic never come to pickup but update system to 'Parcel not ready, pickup failed', then missed deadline ? Then how?","['Negative Complaint', 'Design Feedback']",https://seller.shopee.sg/edu/article/19756/Announcement-article-for-2024-policy-changes,article
19756,"seller arranged for shipment , courier no turn up , order cancelled, who pay seller's advertising fees and sales profits?","['Negative Complaint', 'Design Feedback']",https://seller.shopee.sg/edu/article/19756/Announcement-article-for-2024-policy-changes,article
6823,We pack so fast Also useless cos Spx express won’t come on time ,"['Negative Complaint', 'Design Feedback']",https://seller.shopee.sg/edu/article/6823?utm_medium=notification&utm_source=appar,article
6823,"seller prepared and arranged to ship customer's order via shopee seller center, yet Shopee's courier did not pick up from seller. So whos problem now?","['Negative Complaint', 'Design Feedback']",https://seller.shopee.sg/edu/article/6823?utm_medium=notification&utm_source=webar,article
14234,I am unable to find any help to get the results shown in the video ,"['Negative Complaint', 'Design Feedback']",https://seller.shopee.sg/edu/article/14234/product-variations-,article
6830,"too many blinking too fast can't catch.Also when  creating PIN, it keep display error....","['Negative Complaint', 'Design Feedback']",https://seller.shopee.sg/edu/article/6830/Managing-transactions-with-Seller-Balance,article
10047,can find the buttons shown on site. website updated but not help page.,"['Negative Complaint', 'Design Feedback']",https://seller.shopee.sg/edu/article/10047,article
12551,"The shipping on the item indicate is free shipping but at payment, shipping fee still applied automatically. Very confusing. Trust fail.","['Negative Complaint', 'Design Feedback']",https://seller.shopee.sg/edu/article/12551,article
14912,"Oversea sellers using the same new policy ? Many times that the customer service cannot reach customers, pls understand the ground work 1st !!! ","['Negative Complaint', 'Design Feedback']",https://seller.shopee.sg/edu/article/14912,article
9625,There is no MPQ to be found in any of the template. Is this even updated?,"['Negative Complaint', 'Design Feedback']",https://seller.shopee.sg/edu/article/9625/minimum-purchase-quantity,article
10047,The print invoice button is not available. This article since outdated.,"['Negative Complaint', 'Design Feedback']",https://seller.shopee.sg/edu/article/10047,article
6867,try to do discount. yet totally different. cancel all discount. ,['Negative Complaint'],https://seller.shopee.sg/edu/article/6867,article
2554,useless junk,['Negative Complaint'],https://seller.shopee.sg/edu/article/2554,article
924,"You did not solve my query, this is just a small envelope but I need to pay a postage fee of $0.52, this was not mentioned when I purchased the vouche",['Negative Complaint'],https://seller.shopee.sg/edu/article/924/dispute-shipping-fee-overcharged?csFillToken=841b44f6-4464-4f8d-b1d5-d85697cfca92,article
15373,"article says ""Earnings from your sales will be credited to your Seller Balance within 2 to 7 working days  "" but now agent says upto 25 days",['Negative Complaint'],https://seller.shopee.sg/edu/article/15373/withdrawing-your-income-faq,article
10047,dont have that button,['Negative Complaint'],https://seller.shopee.sg/edu/article/10047,article
15342,"for a costumed product , a small price is only a payment unit, buyers may pay a few unit . so the shoppe is just going lazada management mode. ",['Negative Complaint'],https://seller.shopee.sg/edu/article/15342/cannot-list-products,article
20335,The information did not inform on where we are still getting 57% chat response rate despite have reply promptly to customer.,['Negative Complaint'],https://seller.shopee.sg/edu/article/20335/improve-chat-response-rate,article
17220,"And CS keep giving me same excuse for the deletion. I appeal and appeal, give reply me with stanrdard message. I am a  member and buy SGD from NP.",['Negative Complaint'],https://seller.shopee.sg/edu/article/17220,article
19689,We do not want ndd. We filled a form to opt out. Do not toggle on for us again! We do not want ndd. ,['Negative Complaint'],https://seller.shopee.sg/edu/article/19689,article
17220,Shopee policy needs to be improved. Naturally Plus repeatedly told me they dont provide LOA. and your platform showed biased treatment to other seller,['Negative Complaint'],https://seller.shopee.sg/edu/article/17220,article
22213,"Bullshit policy to please and side with customer, treat your sellers like your business partners, not your working slaves.",['Negative Complaint'],https://seller.shopee.sg/edu/article/22213,article
9625,The information is not updated. My account can no longer set minimum purchase quantity.,['Negative Complaint'],https://seller.shopee.sg/edu/article/9625/minimum-purchase-quantity,article
21808,To adjustment  the commission fee the seller lost  profit margin and these is no benefit for the seller.,['Negative Complaint'],https://seller.shopee.sg/edu/article/21808,article
21808,"Commission Fee had increased so much that causes seller to earn less, who will bear for our packaging tools for it where things keep increasing!",['Negative Complaint'],https://seller.shopee.sg/edu/article/21808,article
19403,"Utterly rubbish guidelines, if other 3PL can do a better job, you seriously need to reconsider how your delivery team handles items. Ridiculous.",['Negative Complaint'],https://seller.shopee.sg/edu/article/19403/order-packaging,article
8495,No link to request compensation. Make more fault for seller to claim from logistics.,['Negative Complaint'],https://seller.shopee.sg/edu/article/8495/damaged-goods-policy,article
44,The estimate released date is way past over and I haven't received my payment.Please arrange ASAP ,['Negative Complaint'],https://seller.shopee.sg/edu/article/44/Shopees-income-withdrawal-process,article
19689,Shopee's very own dear courier SPX did NOT pick up item in time. What is Shopee expecting merchant to do?,['Negative Complaint'],https://seller.shopee.sg/edu/article/19689,article
17220,troublesome when there is no NOA when shopee mis-plot listing ,['Negative Complaint'],https://seller.shopee.sg/edu/article/17220,article
6823,This DTS 1 and DTS 2 policy is the worst policy ever. it is super stressful and confusing for both customers and sellers.,['Negative Complaint'],https://seller.shopee.sg/edu/article/6823,article
2503,my problem is not in your list. I unable to choose the date for pick up cos it prompt only 13-07-24 which we are closed on weekend,['Negative Complaint'],https://seller.shopee.sg/edu/article/2503/labelling-the-air-waybill,article
16165,Reasons for brand rejection was not specified. I applied three times but the reason was not specified as I keep tweaking my applications.,['Negative Complaint'],https://seller.shopee.sg/edu/article/16165/track-brand-registration-status-outcome,article
16664,how to dispute? can't find link or form,['Negative Complaint'],https://seller.shopee.sg/edu/article/16664/dispute-process-overview,article
14431,"This is not helpful if we wan to see all the our reviews we have done. Also, i did a reviews over 4 weeks. Yet it doesn't appear in the shop listing",['Negative Complaint'],https://seller.shopee.sg/edu/article/14431/rate-buyers,article
15999,I cannot install the application. I want to check my order. What should I do?,['Negative Complaint'],https://seller.shopee.sg/edu/article/15999/contact-shopee-customer-service,article
168,I want to appeal but cannot,['Negative Complaint'],https://seller.shopee.sg/edu/article/168/calculate-non-fulfilment-rate-NFR,article
2282,not informative enough,['Negative Complaint'],https://seller.shopee.sg/edu/article/2282/mass-upload-template,article
15157,The webform is no longer available. ,['Negative Complaint'],https://seller.shopee.sg/edu/article/15157/When-to-dispute-return-refund,article
20156,"Don't force people to work just to satisfy your buyers, we're your partners, not your employees for God's sake",['Negative Complaint'],https://seller.shopee.sg/edu/article/20156/Saturday-as-a-regular-operating-day,article
7315,cant find it at all,['Negative Complaint'],https://seller.shopee.sg/edu/article/7315/about-shop-categories,article
10831,bad,['Negative Complaint'],https://seller.shopee.sg/edu/article/10831,article
8167,Article is too damn long.,['Negative Complaint'],https://seller.shopee.sg/edu/article/8167,article
20262,Extremely idiotic policy to kill your sellers.,['Negative Complaint'],https://seller.shopee.sg/edu/article/20262?fbclid=IwAR0HhDa5a_d9suGRavQEHCPHqL4t4S2tgXt2DiNV-0IuVCUYKOPaUUjC8xk,article
9625,Can't find this MOQ feature in seller center,['Negative Complaint'],https://seller.shopee.sg/edu/article/9625/minimum-purchase-quantity,article
16064,HOW DO i know from where should I COLLECT the goods orderedand whether it has arrived?,['Negative Complaint'],https://seller.shopee.sg/edu/article/16064/SPX-self-collection-channel,article
6838,Arrange same day drop off is difficult for seller might packing the order wrongly in order to ship out fast. Nearby dont have drop off point.,['Negative Complaint'],https://seller.shopee.sg/edu/article/6838/about-mass-processing-orders,article
19689,"The drivers always don't collect the parcels as arranged, even though we wait till 8pm+ on some days. No updates, no calls.",['Negative Complaint'],https://seller.shopee.sg/edu/article/19689,article
20218,our problems is never not handling over . it is delivery partner ability to come and pick. many shopee partners do not work 24hours and offday,['Negative Complaint'],https://seller.shopee.sg/edu/article/20218/Fast-Handover-Rate,article
17318,Too complicating,['Negative Complaint'],https://seller.shopee.sg/edu/article/17318/product-images-3-4-ratio,article
14170,It’s just too complicating,['Negative Complaint'],https://seller.shopee.sg/edu/article/14170/edit-and-delist-listings-,article
19689,SPX didn’t pick up NDD and now showing NDD fail on seller’s page? shame on you,['Negative Complaint'],https://seller.shopee.sg/edu/article/19689,article
15373,I cant add my bank account. I have tried so many times and still can't withdraw my money. Please help me withdraw my money and add my bank account.,['Negative Complaint'],https://seller.shopee.sg/edu/article/15373/withdrawing-your-income-faq,article
20016,Shopee fail to pick up and cause delayed and put the fault to seller.,['Negative Complaint'],https://seller.shopee.sg/edu/article/20016,article
181,"Shopee practised unfair act to different sellers, I have been reported twice same issue. Other sellers like ""searchme"" was never penalised on this",['Negative Complaint'],https://seller.shopee.sg/edu/article/181/listing-violations-types,article
6823,Why hasn't the account manager contacted me? I need an account manager who understands Chinese.,['Negative Complaint'],https://seller.shopee.sg/edu/article/6823,article
19522,I do my listing correctly But shopee deboosted my listingI'm not sure what's wrong,['Negative Complaint'],https://seller.shopee.sg/edu/article/19522,article
19014,"NDD SPX ALWAYS COME AT 11AM!! HOW DO YOU WANT ME TO PACK THE ORDERS BEFORE 3PM ,BUT COURIER COME SO EARLY! COMPLAINED MANY TIMES BUT NO IMPROVEMENT",['Negative Complaint'],https://seller.shopee.sg/edu/article/19014/next-day-delivery,article
19689,The pick up never happens. ,['Negative Complaint'],https://seller.shopee.sg/edu/article/19689?utm_medium=notification&utm_source=appar,article
15999,"there is no direct link to a shopee agent, this is the most important basic feature that's missing for some horrible reason",['Negative Complaint'],https://seller.shopee.sg/edu/article/15999/contact-shopee-customer-service,article
19819,Shopee is taking too much commission and platform fee from sellers.,['Negative Complaint'],https://seller.shopee.sg/edu/article/19819/2024-Key-Fee-Changes,article
12348,shopee agents never check all details provided by seller properly,['Negative Complaint'],https://seller.shopee.sg/edu/article/12348/return-refund-dispute-,article
19756,"Shopee created an unfair Policy that fines more penalties to sellers. The buyer changes his mind when buying under the buyer's penalty, no refund.",['Negative Complaint'],https://seller.shopee.sg/edu/article/19756/Announcement-article-for-2024-policy-changes,article
19689,I don't even have next day delivery.,['Negative Complaint'],https://seller.shopee.sg/edu/article/19689,article
181,I was flagged for spam listing. But I dont know what type of spam listing i violated. ,['Negative Complaint'],https://seller.shopee.sg/edu/article/181/listing-violations-types,article
6823,logistics not picking orders during peak period for 3 to 4 days resulting in cancellation,['Negative Complaint'],https://seller.shopee.sg/edu/article/6823,article
13976,I already contact and spoke to the person in shopee chat and told me that today there will be a pick up.  But to my disappointment the pickup  failed,['Negative Complaint'],https://seller.shopee.sg/edu/article/13976/unsuccessful-pickup-,article
2594,It's totally unfair.As a seller very disappointed to provide quality products and still getting unwanted and unaware reviews.,['Negative Complaint'],https://seller.shopee.sg/edu/article/2594/report-abusive-review,article
19668,u must take note for those seller with 500 items n above.  easy to penalise.  not easy to keep so many stocks.  unfair if u compare with small company,['Negative Complaint'],https://seller.shopee.sg/edu/article/19668?utm_medium=notification&utm_source=appar&__dsrn__=1,article
19668,Late shipments are operational fail on shopee xpress end. People on leave but no replacement driver is sent and NDD delivery treatsame as normal pkg,['Negative Complaint'],https://seller.shopee.sg/edu/article/19668?utm_medium=notification&utm_source=apppn&__source__=push_notification,article
19668,Never told before about LSR. I just submit the report of late shipment today as in 20/11/2023 and this new policy just pop out today too. Coincident?,['Negative Complaint'],https://seller.shopee.sg/edu/article/19668?utm_medium=notification&utm_source=apppn&__source__=push_notification,article
15140,it is not even available yet,['Negative Complaint'],https://seller.shopee.sg/edu/article/15140/brand-ip-portal?utm_medium=notification&utm_source=webar,article
16950,I have problems please contact me at : southval@singnet.com,['Negative Complaint'],https://seller.shopee.sg/edu/article/16950/Verifying-Seller-Identity-via-Seller-Centre-and-Shopee-App,article
3688,"seriously, this is making sellers extremely inconvenient, as buyers often do not check their shopee app messages.",['Negative Complaint'],https://seller.shopee.sg/edu/article/3688,article
9625,Outdated info.,['Negative Complaint'],https://seller.shopee.sg/edu/article/9625/minimum-purchase-quantity,article
14234,Confusing,['Negative Complaint'],https://seller.shopee.sg/edu/article/14234/product-variations-,article
7203,Misleading and unhelpful,['Negative Complaint'],https://seller.shopee.sg/edu/article/7203,article
9326,"Currently our pick up service been switch to SPX Express, continuing 2 days did not attend our pick-up, totally not as this article descript into.",['Negative Complaint'],https://seller.shopee.sg/edu/article/9326,article
8318,Cannot find this option in my listing,['Negative Complaint'],https://seller.shopee.sg/edu/article/8318,article
924,Despite showing weight item of per le shopee still anyhow charge shipping,['Negative Complaint'],https://seller.shopee.sg/edu/article/924/dispute-shipping-fee-overcharged,article
17402,"Buyer give a bad rating due to item received damaged, however the damage is caused by the logistic services, it is not fair to charge to seller",['Negative Complaint'],https://seller.shopee.sg/edu/article/17402/customer-satisfaction-faq,article
6806,this is so difficult to select very annoying not so easy last time very easy to choose category,['Negative Complaint'],https://seller.shopee.sg/edu/article/6806,article
6806,So irritating! stop changing the category!!!!!!,['Negative Complaint'],https://seller.shopee.sg/edu/article/6806,article
2559,our listings were deleted due to 'duplicate' but it wasnt. and CS refuse to restore it. and this article doesnt even tell properly what is considered ,['Negative Complaint'],https://seller.shopee.sg/edu/article/2559,article
10047,there is no print invoice at all.,['Negative Complaint'],https://seller.shopee.sg/edu/article/10047,article
6830,Buyer confirmation has been extended to 7 days. Shopee delays payments to sellers for up to 7 days. Pleae reverse this or we switch focus to Lazada!,['Negative Complaint'],https://seller.shopee.sg/edu/article/6830/Managing-transactions-with-Seller-Balance,article
12637,I only have the option for SPX Drop off which only accepts parcels < 80cm and to be sent within 2 days. Support response is only given in 5 to 8 days.,['Negative Complaint'],https://seller.shopee.sg/edu/article/12637,article
9326,I cannot opt out of shopee xpress,['Negative Complaint'],https://seller.shopee.sg/edu/article/9326,article
14912,This is very annoying for our order processing. And right before 6.6!,['Negative Complaint'],https://seller.shopee.sg/edu/article/14912,article
17155,Bad work ,['Negative Complaint'],https://seller.shopee.sg/edu/article/17155,article
12637,What happen to parcel that is more than 30 kg?,['Negative Complaint'],https://seller.shopee.sg/edu/article/12637,article
9326,It doesn't solve my problem. Shopee express doesn't pick up at my location at all despite me fulfilling the pick up criteria,['Negative Complaint'],https://seller.shopee.sg/edu/article/9326?utm_medium=notification&utm_source=appar&__dsrn__=1,article
2503,"Doesnt explain what to do when after arranging shipment, cannot print ABS",['Negative Complaint'],https://seller.shopee.sg/edu/article/2503/labelling-the-air-waybill,article
1438,Majority of your points does not support packages more than 5kg. So what am I supposed to do?,['Negative Complaint'],https://seller.shopee.sg/edu/article/1438,article
15641,"Dear officer i have to listing many times,  still display  two items,   i also report officer many times ,  no relove,   4101448923 &  1759871914 ",['Negative Complaint'],https://seller.shopee.sg/edu/article/15641/listing-violation-faq,article
9625,There was no option to change the MOQ amount.,['Negative Complaint'],https://seller.shopee.sg/edu/article/9625/minimum-purchase-quantity,article
10047,Some orders have print invoice option and some does not. I have some orders less than 1 month without print invoice option.,['Negative Complaint'],https://seller.shopee.sg/edu/article/10047,article
6913,It is not helpful when I cannot upload a product image for my listing directly from media space after I have done the logo overlay.,['Negative Complaint'],https://seller.shopee.sg/edu/article/6913,article
10831,hi please arrange shopee express pick up on time dont know what reason why they keep not coming and all the parcels got expired ,['Negative Complaint'],https://seller.shopee.sg/edu/article/10831,article
8318,I Do not even have the field to input for Max Purchase. I was told its given to selected seller. i wish to be included,['Negative Complaint'],https://seller.shopee.sg/edu/article/8318,article
2452,I already unsubscribe from coin cashback programme but still charging me service fees,['Negative Complaint'],https://seller.shopee.sg/edu/article/2452,article
168,This calculator is merely useless…. It’s totally buyers’ sided. There was a case when I sent out a parcel and ninjavan couldn’t find the item for day,['Negative Complaint'],https://seller.shopee.sg/edu/article/168/calculate-non-fulfilment-rate-NFR,article
17318,Ive tried and still cannot upload 3:4 image,['Negative Complaint'],https://seller.shopee.sg/edu/article/17318/product-images-3-4-ratio,article
15966,I had a delivery issue with buyer giving all poor rating due to damaged item . Stupid shopee policy can't remove or hide the poor rating abused by buy,['Negative Complaint'],https://seller.shopee.sg/edu/article/15966/Updated-overall-product-rating-calculation-logic,article
15776,"Seller not in fault for late shipping penalty and preference seller batch revoke, as Shopee supported logistic JNT cockup and never attempt collection",['Negative Complaint'],https://seller.shopee.sg/edu/article/15776/seller-fault-non-fulfilled-orders,article
17399,I dont sell this,['Negative Complaint'],https://seller.shopee.sg/edu/article/17399?utm_medium=notification&utm_source=appar,article
17237,I had been happy with current using only Speed Post and now Shopee wants to my my delivery a nightmare by automatically assign my delivery company!!!,['Negative Complaint'],https://seller.shopee.sg/edu/article/17237,article
44,"your max Withdwal is $9999 , really figure out what oder ID has been paid if refer income sttm  . Please advise ",['Negative Complaint'],https://seller.shopee.sg/edu/article/44/Shopees-income-withdrawal-process,article
750,"Shopee agent do not know the process in handling damaged products, and pushes all fault to seller.. What is than the purpose of this article. ",['Negative Complaint'],https://seller.shopee.sg/edu/article/750,article
6949,"This is just 1 sided loop, keeping 3rd party courier outside the loop. Issues such as damage by courier was never included by Shopee.",['Negative Complaint'],https://seller.shopee.sg/edu/article/6949,article
7203,We got license for selling alcohol. Selling it around 5 years. Why now you have banned bomond vodka. We are a dealer the product,['Negative Complaint'],https://seller.shopee.sg/edu/article/7203,article
12637,"How can you expect me to carry so heavy parcel to the warehouse, that is weight 7 LItre of bottles.  Waited so long for the Pick UP? Order ID221216RR",['Negative Complaint'],https://seller.shopee.sg/edu/article/12637?fbclid=IwAR3PdqQBzvCE9l-rWJcgp72KS-5T3j1ybS8A0uZZnPS3aUzkFzkr-7Z17y8,article
7770,Unable to locate where to upload ACRA in Seller Centre,['Negative Complaint'],https://seller.shopee.sg/edu/article/7770,article
12348,"no more useful, hope to find a link to raise a claim",['Negative Complaint'],https://seller.shopee.sg/edu/article/12348,article
15361,Its unfair to us if you sudden change your clause as it affected our sales.,['Negative Complaint'],https://seller.shopee.sg/edu/article/15361/shipping-channels-pick-up,article
12349,"i got items all cancelled but no refund, pls do refund ototal $100+, i will advise other not to buy from shopee n put inside forum",['Negative Complaint'],https://seller.shopee.sg/edu/article/12349,article
15361,What about orders that drop off places cannot accept? How are we supposed to drop off or request for a pick up?,['Negative Complaint'],https://seller.shopee.sg/edu/article/15361/shipping-channels-pick-up,article
175,Doesn't make sense for low-value items,['Negative Complaint'],https://seller.shopee.sg/edu/article/175/packing-the-orderder,article
724,INSUFFICIENT INFO. 8) CAMPAIGN STOCK - What is 1) No Update ????,['Negative Complaint'],https://seller.shopee.sg/edu/article/724/nominate-products-product-campaign,article
15847,Which Country ?.... Cant find where you shipping ?  and cost....Country,['Negative Complaint'],https://seller.shopee.sg/edu/article/15847/shipping-deadline-faq,article
12551,Very confusing……..not user friendly ,['Negative Complaint'],https://seller.shopee.sg/edu/article/12551,article
15655,New shipping regulation is way too troublesome and tedious,['Negative Complaint'],https://seller.shopee.sg/edu/article/15655/Introduction-to-new-Shipping-Channel-policy,article
15655,"It's not fair, force local Seller. Late/delayed delivery is always affected fr.overseas/Shopee log'tics pro'ders due to uncontrl schedule. pls review ",['Negative Complaint'],https://seller.shopee.sg/edu/article/15655/Introduction-to-new-Shipping-Channel-policy,article
1104,i didnt find any store pick up. waiting long time to fix,['Negative Complaint'],https://seller.shopee.sg/edu/article/1104/shipping-fee-rates-shopee-supported-logistics,article
14912,Dont understand why keeping the buyers' names can ensure a safe marketplace for all users. ,['Negative Complaint'],https://seller.shopee.sg/edu/article/14912?utm_medium=notification&utm_source=webar,article
14912,"Why shopee keep remove the good function, what’s your management level doing, too many males?",['Negative Complaint'],https://seller.shopee.sg/edu/article/14912?utm_medium=notification&utm_source=apppn&__source__=push_notification,article
43,"I ask for holiday mode, system not allow, ask ur guy how to settle this, need a lot information and wait for 3 days , case closed, now u say avoid lat",['Negative Complaint'],https://seller.shopee.sg/edu/article/43/calculate-late-shipment-rate-LSR,article
2561,didn't give me exact what we should do for my product title.,['Negative Complaint'],https://seller.shopee.sg/edu/article/2561,article
14216,I want to sell overseas and I am a seller based in Singapore. This article is not helpful.,['Negative Complaint'],https://seller.shopee.sg/edu/article/14216/how-to-sell-from-overseas-,article
11182,Need simple answer,['Negative Complaint'],https://seller.shopee.sg/edu/article/11182/chat-response-rate-faqs,article
2548,"This is just pure stupidity from shopee management. Consumers in the current era are not stupid,  they tend to compare prices.",['Negative Complaint'],https://seller.shopee.sg/edu/article/2548?utm_medium=notification&utm_source=apppn&__source__=push_notification,article
6841,No clear detail given,['Negative Complaint'],https://seller.shopee.sg/edu/article/6841,article
953,confusing ,['Negative Complaint'],https://seller.shopee.sg/edu/article/953,article
2559,Do not put this up if your system do not even abide to your terms and condition. ,['Negative Complaint'],https://seller.shopee.sg/edu/article/2559,article
9625,i dont see the MOQ option,['Negative Complaint'],https://seller.shopee.sg/edu/article/9625/minimum-purchase-quantity,article
1643,Shopee Supported Logistics does not provide any benefit as Shopee nor logistics can take responsibility for missing items,['Negative Complaint'],https://seller.shopee.sg/edu/article/1643,article
13107,"wrong information, here say this percentage but end up charge 10% of our order amount!",['Negative Complaint'],https://seller.shopee.sg/edu/article/13107/seller-fees,article
60,i am still seeing nothing in my product detail page,['Negative Complaint'],https://seller.shopee.sg/edu/article/60,article
1643,This NEW system don't benefit small sellers,['Negative Complaint'],https://seller.shopee.sg/edu/article/1643,article
50,once a while I will encounter Ghost Chat when there is no buyer chat but I am deducted point for not responding to a Ghost chat. terrible shopee syste,['Negative Complaint'],https://seller.shopee.sg/edu/article/50/understanding-chat-response,article
1643,I can't sell my product without shipping mode. Why shopee keeps changing? Thanks. ,['Negative Complaint'],https://seller.shopee.sg/edu/article/1643,article
12637,"Once J&T Express missed the pick-up, they marked the status as (Parcel not ready), instead of marking them as (ran out of time).",['Negative Complaint'],https://seller.shopee.sg/edu/article/12637,article
12551,Troublesome procedures to purchase something. Claim here and there. ,['Negative Complaint'],https://seller.shopee.sg/edu/article/12551?utm_medium=notification&utm_source=apppn&__source__=push_notification,article
10047,I don't even that that option to print invoice so what am I expected to do?,['Negative Complaint'],https://seller.shopee.sg/edu/article/10047,article
10047,The information herein is not found at all.,['Negative Complaint'],https://seller.shopee.sg/edu/article/10047,article
43,late shipping is partly some of the items werent scan accordingly courrier error we suffer for the penalty and lost of item ,['Negative Complaint'],https://seller.shopee.sg/edu/article/43/calculate-late-shipment-rate-LSR,article
2561,"Even seller indicate the size/ model in title also get banned, dont know what shopee checking team is doing, anyhow define spam",['Negative Complaint'],https://seller.shopee.sg/edu/article/2561,article
6870,We were not able to dispute on the requests,['Negative Complaint'],https://seller.shopee.sg/edu/article/6870,article
7998,I didn't get what I'm looking for,['Negative Complaint'],https://seller.shopee.sg/edu/article/7998,article
2501,True Elements Brand. We have listed our products on your site but when we search True Elements on your site our products on site.,['Negative Complaint'],https://seller.shopee.sg/edu/article/2501,article
11696,"When I report such cases, there is no action taken towatd the seller",['Negative Complaint'],https://seller.shopee.sg/edu/article/11696?utm_medium=notification&utm_source=appar,article
10831,Keep experiencing shipping errors. Consecutive Unsuccessful pickups shown even though item had been confirmed to be dropped off successfully.,['Negative Complaint'],https://seller.shopee.sg/edu/article/10831,article
7041,"pls assist to check why my account still cannot choose pickup from jnt,i alrdy fullfill 5 order per day pickup",['Negative Complaint'],https://seller.shopee.sg/edu/article/7041,article
7039,customer want to self pickup from our shop,['Neutral'],https://seller.shopee.sg/edu/article/7039,article
14216,not much details,['Neutral'],https://seller.shopee.sg/edu/article/14216/how-to-sell-from-overseas-,article
7771,"Please note that some buyers only want to use for free our air coolers,  chillers and Freezers  for  free over 15 days. We cover warranty not use for ",['Neutral'],https://seller.shopee.sg/edu/article/7771,article
11209,"Not found   Under the Adjustment tab on the My Balance page, select a transaction with ",['Neutral'],https://seller.shopee.sg/edu/article/11209,article
14007,how do i remove cc installment from my payment method,['Neutral'],https://seller.shopee.sg/edu/article/14007/instalment-payment-method-,article
16478,Little confusing ,['Neutral'],https://seller.shopee.sg/edu/article/16478/seller-fees-calculation,article
15737,"im looking for ""How to appeal"", not explanation.",['Neutral'],https://seller.shopee.sg/edu/article/15737/appeal-listing-limit,article
9326,Your parcel is on-hold. Reason: [Item Not Found with Driver],['Neutral'],https://seller.shopee.sg/edu/article/9326,article
3359,"hi, how to adjust your shipping fee to $8, please contact our customer support and provide them with the necessary information. Thank you.",['Neutral'],https://seller.shopee.sg/edu/article/3359,article
18430,how to generate gtin or eam numbers,['Neutral'],https://seller.shopee.sg/edu/article/18430,article
168,"Seller cancel due to buyer not providing personalised item details, not due to out of stock. No other choice is available.",['Neutral'],https://seller.shopee.sg/edu/article/168/calculate-non-fulfilment-rate-NFR,article
1104,Hi how can I use my own shipping partner?,['Neutral'],https://seller.shopee.sg/edu/article/1104/shipping-fee-rates-shopee-supported-logistics/,article
9625,update the information please,['Neutral'],https://seller.shopee.sg/edu/article/9625/minimum-purchase-quantity,article
2610,What does unique buyers and net sales mean?,['Neutral'],https://seller.shopee.sg/edu/article/2610,article
14216,I am a Singapore seller and am exploring to sell my products overseas to Taiwan and Vietnam. ,['Neutral'],https://seller.shopee.sg/edu/article/14216/how-to-sell-from-overseas-,article
16920,Orders before 1 Jan 2022? Or 2023?,['Neutral'],https://seller.shopee.sg/edu/article/16920/2023-gst-rate-changes,article
1104,i am looking for store pick up,['Neutral'],https://seller.shopee.sg/edu/article/1104/shipping-fee-rates-shopee-supported-logistics,article
168,I responded to buyer to arrange home delivery for an error made. But buyer only realised after cancellation of order,['Neutral'],https://seller.shopee.sg/edu/article/168/calculate-non-fulfilment-rate-NFR,article
14366,Not sure any benefit to seller,['Neutral'],https://seller.shopee.sg/edu/article/14366/preferred-seller-pause-periods,article
6884,Nothing is infringed in my shop on PC version. You might have sent wrong messages ,['Neutral'],https://seller.shopee.sg/edu/article/6884?utm_medium=notification&utm_source=appar,article
2499,I need to know how and where can I to drop off my product for shipment to buyer? ,['Neutral'],https://seller.shopee.sg/edu/article/2499/arranging-for-shipment,article
15780,"after customer make payment, the system will immediately send out message saying that ""Thank you for your purchase, we will ship it as soon as possibl",['Positive Comment'],https://seller.shopee.sg/edu/article/15780/automatic-replies-shopee-seller-chat,article
257,Calculator wrongly,['Positive Comment'],https://seller.shopee.sg/edu/article/257,article
1643,"I use blue sg more offten, hopefully it will be approved for me to send my big and fragile item ",['Positive Comment'],https://seller.shopee.sg/edu/article/1643,article
11695,I asked the seller to cancel my order. Politely,['Positive Comment'],https://seller.shopee.sg/edu/article/11695/chat-violations,article
21808,"I dont understands what does it means by ""Sellers will be able to offer free shipping benefits to buyers at no cost from 5 Sep 2024 onwards.""",['Unknown'],https://seller.shopee.sg/edu/article/21808?utm_medium=notification&utm_source=apppn&__source__=push_notification,article
43,shopee express do not come to pickup how to do,['Unknown'],https://seller.shopee.sg/edu/article/43/calculate-late-shipment-rate-LSR,article
16368,"I dont have the ""Add Images"" option on my Product Description Tab",['Unknown'],https://seller.shopee.sg/edu/article/16368/image-product-description,article
15157,I don't understand.,['Unknown'],https://seller.shopee.sg/edu/article/15157/When-to-dispute-return-refund,article
19403,PACKING ALL NEED MOENY ,['Unknown'],https://seller.shopee.sg/edu/article/19403/order-packaging,article
11702,control your seller,['Unknown'],https://seller.shopee.sg/edu/article/11702/unfair-competition-policy,article
2554,Pls email me at caitlinleeyq@gmail.com in regard to banning of certain products of mine. I bought my items from LEGO itself ,['Unknown'],https://seller.shopee.sg/edu/article/2554,article
10831,Difficulty ,['Unknown'],https://seller.shopee.sg/edu/article/10831,article
15157,pls contact us 98160687,['Unknown'],https://seller.shopee.sg/edu/article/15157/When-to-dispute-return-refund,article
8495,对于损坏的产品我要如何联系到shoppee投诉,['Unknown'],https://seller.shopee.sg/edu/article/8495/damaged-goods-policy,article
18817,PLS CONTACT US 98160687,['Unknown'],https://seller.shopee.sg/edu/article/18817/store-pick-up,article
18750,pls contact us 98160687,['Unknown'],https://seller.shopee.sg/edu/article/18750,article
2450,does shopee add in S&P cost after the above calculation or lump in into the initial calculation after discount but before GST -seller kena S&P as cost,['Unknown'],https://seller.shopee.sg/edu/article/2450,article
14234,Still unsure how to do it,['Unknown'],https://seller.shopee.sg/edu/article/14234/product-variations-,article
2577,explain temporary,['Unknown'],https://seller.shopee.sg/edu/article/2577/high-late-shipment-rate-LSR-penalty-points-violation,article
9625,My problem not solved ,['Unknown'],https://seller.shopee.sg/edu/article/9625/minimum-purchase-quantity,article
18430,What number do I add?,['Unknown'],https://seller.shopee.sg/edu/article/18430,article
6897,pls contact us 98160687 ,['Unknown'],https://seller.shopee.sg/edu/article/6897/shopee-seller-penalty-points-system,article
14467,What is a Shopee LinkAnd how do I LIKE it?,['Unknown'],https://seller.shopee.sg/edu/article/14467#,article
18269,没有华文,['Unknown'],https://seller.shopee.sg/edu/article/18269,article
6577,Looking for mass update template ,['Unknown'],https://seller.shopee.sg/edu/article/6577,article
1104,the shipping fee is need to pay both from buyer and seller?,['Unknown'],https://seller.shopee.sg/edu/article/1104/shipping-fee-rates-shopee-supported-logistics,article
2417,i dont see it,['Unknown'],https://seller.shopee.sg/edu/article/2417/disabling-shop-decoration,article
15999,cannot find the link in shopee ,['Unknown'],https://seller.shopee.sg/edu/article/15999/contact-shopee-customer-service,article
17662,Do not understand ,['Unknown'],https://seller.shopee.sg/edu/article/17662?utm_source=App&utm_medium=App%20announcement&utm_campaign=AMS%20Free%20Sample,article
15736,how to be selected seller,['Unknown'],https://seller.shopee.sg/edu/article/15736/compare-listing-purchase-limits,article
16368,i don't have anything like that,['Unknown'],https://seller.shopee.sg/edu/article/16368/image-product-description,article
6569,reason for why the brand submition failed,['Unknown'],https://seller.shopee.sg/edu/article/6569/Adding-your-brand-to-Shopee-database,article
3693,what are the charges?,['Unknown'],https://seller.shopee.sg/edu/article/3693,article
7074,What are the criteria for participating,['Unknown'],https://seller.shopee.sg/edu/article/7074/shopee-flash-deals,article
6884,Can I k ow what is the item that is counterfeit .lol,['Unknown'],https://seller.shopee.sg/edu/article/6884?utm_medium=notification&utm_source=appar,article
5601,How much is Shopee's percentage cut? ,['Unknown'],https://seller.shopee.sg/edu/article/5601?previousPage=other%20articles,article
1643,If some ceiling fan need my self delivery how to setting  self delivery?,['Unknown'],https://seller.shopee.sg/edu/article/1643,article
11889,don't understand,['Unknown'],https://seller.shopee.sg/edu/article/11889/set-shipping-channels,article
53,direct me how to add slot ,['Unknown'],https://seller.shopee.sg/edu/article/53/shopee-flash-deals-sessions,article
1104,How can I set shipping for buyers to self collection at selected points?,['Unknown'],https://seller.shopee.sg/edu/article/1104/shipping-fee-rates-shopee-supported-logistics,article
1643,No information on how uParcel is made available to seller. What is the criteria? How will the seller be able to activate this?,['Unknown'],https://seller.shopee.sg/edu/article/1643,article
11696,A lot more,['Unknown'],https://seller.shopee.sg/edu/article/11696?utm_medium=notification&utm_source=appar,article
7069,this is not related to Shopee Ads express programn,['Unknown'],https://seller.shopee.sg/edu/article/7069,article