Comments,Labels
"The experience was okay, but nothing outstanding.",Neutral
"Products are decent, but delivery times are inconsistent.",Constructive_Criticism
"It’s not bad, but I’ve had better experiences elsewhere.",Neutral
"The site is functional, but it feels outdated.",Design_Feedback
"Overall, an average experience.",Neutral
"Please add more payment options, like instalments.",Constructive_Criticism
Consider offering free shipping for orders over a certain amount.,Constructive_Criticism
It would be great if you had more eco-friendly product options.,Constructive_Criticism
Add a chat feature to communicate directly with sellers.,Constructive_Criticism
Expand your product categories to include more niche items.,Constructive_Criticism
The article is poorly researched and full of inaccuracies.,Negative_Complaint
You didn’t cover the key aspects of the topic.,Negative_Complaint
The writing is too convoluted and hard to follow.,Constructive_Criticism
There are too many grammatical errors in the content.,Constructive_Criticism
Your articles are always biased.,Negative_Complaint
This is trash.,Negative_Complaint
Worst thing I’ve ever read.,Negative_Complaint
I hate this article.,Negative_Complaint
Completely useless.,Negative_Complaint
Why do you even bother writing?,Negative_Complaint
"The introduction is engaging, but the conclusion feels rushed.",Constructive_Criticism
You could improve the structure by adding clear subheadings.,Design_Feedback
"Some of your points are valid, but they need more supporting evidence.",Constructive_Criticism
Consider providing examples to make your arguments stronger.,Constructive_Criticism
"The article is good, but it’s too long; try condensing it.",Constructive_Criticism
"The article has potential, but there are gaps in the explanation of key concepts, such as [specific point]. Including case studies or visuals could improve it significantly.",Constructive_Criticism
"I appreciate the effort, but it would help if you linked more academic sources to make the claims credible.",Constructive_Criticism
Great article! The explanation of [specific topic] was very clear and informative.,Positive Comment
"I loved the flow of your arguments, and the use of examples was spot on.",Positive Comment
This article helped me understand [specific problem or topic] in a way I never thought of before.,Positive Comment
